,Price
0,10040
$0.99,148
$2.99,129
$1.99,73
$4.99,72
$3.99,63
$1.49,46
$5.99,30
$2.49,26
$9.99,21
$6.99,13
$399.99,12
$14.99,11
$4.49,9
$24.99,7
$29.99,7
$3.49,7
$7.99,7
$19.99,6
$5.49,6
$8.99,5
$12.99,5
$11.99,5
$6.49,5
$16.99,3
$2.00,3
$10.00,3
$1.00,3
$9.00,2
$79.99,2
$8.49,2
$10.99,2
$33.99,2
$3.95,2
$1.70,2
$7.49,2
$39.99,2
$13.99,2
$17.99,2
$2.59,1
$19.40,1
$4.59,1
$74.99,1
$1.26,1
$2.95,1
$1.04,1
$1.76,1
$1.20,1
$4.60,1
$25.99,1
$4.80,1
$3.08,1
$3.02,1
$3.61,1
$2.60,1
$15.99,1
$4.29,1
$394.99,1
$4.85,1
$1.96,1
$400.00,1
$46.99,1
$2.56,1
$14.00,1
$3.28,1
$4.77,1
$1.59,1
$299.99,1
$18.99,1
$5.00,1
$154.99,1
$2.50,1
$3.90,1
$30.99,1
$1.50,1
$379.99,1
$1.97,1
$109.99,1
$89.99,1
$4.84,1
$1.29,1
Everyone,1
$15.46,1
$3.04,1
$1.75,1
$389.99,1
$19.90,1
$37.99,1
$2.90,1
$28.99,1
$1.61,1
$3.88,1
$200.00,1
